,MSE,RMSE,MAE
variance_fastcharge_basemodel,12230.369140625,110.59099578857422,89.29430389404297
