,MSE,RMSE,MAE
variance_normalcharge_transfermodel,54702.88671875,233.88648986816406,169.18600463867188
