,MSE,RMSE,MAE
variance_normalcharge_basemodel,10881.892578125,104.3163070678711,74.98775482177734
