,MSE,RMSE,MAE
variance_fastcharge_basemodel,11233.1650390625,105.98662567138672,86.08535766601562
