,MSE,RMSE,MAE
variance_normalcharge_basemodel,10792.4638671875,103.88678741455078,73.87940979003906
