,MSE,RMSE,MAE
variance_normalcharge_transfermodel,26420.53515625,162.5439453125,107.82862854003906
