,MSE,RMSE,MAE
variance_fastcharge_basemodel,12099.9189453125,109.9996337890625,88.78622436523438
