,MSE,RMSE,MAE
variance_normalcharge_basemodel,10646.8896484375,103.18376922607422,73.83020782470703
