,MSE,RMSE,MAE
variance_normalcharge_transfermodel,54738.45703125,233.96250915527344,170.38436889648438
