,MSE,RMSE,MAE
variance_fastcharge_basemodel,12067.951171875,109.8542251586914,88.89400482177734
