,MSE,RMSE,MAE
variance_normalcharge_basemodel,10630.4775390625,103.10420989990234,73.00981903076172
