,MSE,RMSE,MAE
variance_normalcharge_transfermodel,38492.27734375,196.19448852539062,138.1612091064453
