,MSE,RMSE,MAE
variance_fastcharge_basemodel,12079.9501953125,109.90882873535156,88.78882598876953
