,MSE,RMSE,MAE
variance_normalcharge_transfermodel,41324.99609375,203.28550720214844,146.57925415039062
