,MSE,RMSE,MAE
variance_normalcharge_basemodel,10625.162109375,103.07843017578125,73.33708953857422
