,MSE,RMSE,MAE
variance_fastcharge_basemodel,12063.65234375,109.83465576171875,88.80694580078125
