,MSE,RMSE,MAE
variance_normalcharge_transfermodel,54520.95703125,233.4972381591797,169.04933166503906
