,MSE,RMSE,MAE
variance_normalcharge_basemodel,10947.5224609375,104.63040924072266,73.54057312011719
