,MSE,RMSE,MAE
variance_fastcharge_basemodel,10957.6962890625,104.67901611328125,87.842041015625
