,MSE,RMSE,MAE
variance_normalcharge_basemodel,10879.900390625,104.3067626953125,73.80427551269531
