,MSE,RMSE,MAE
variance_normalcharge_transfermodel,9616.3359375,98.06291961669922,65.94315338134766
