,Layered,Fine Tuned
0,138.52708726545146,141.69182834147495
1,138.52708726545146,141.69182834147495
2,138.52708726545146,141.69182834147495
3,138.52708726545146,141.69182834147495
4,138.52708726545146,141.69182834147495
5,138.52708726545146,141.69182834147495
6,138.52708726545146,141.69182834147495
7,138.52708726545146,141.69182834147495
8,138.52708021583723,141.69182834147495
9,138.52708021583723,141.69182834147495
