,count,mean,std,min,max
Layered,10.0,138.5270858555286,2.97237834383448e-06,138.52708021583723,138.52708726545146
Fine Tuned,10.0,141.69182834147495,0.0,141.69182834147495,141.69182834147495
