,MSE,RMSE,MAE
variance_fastcharge_basemodel,12491.017578125,111.76322174072266,89.44856262207031
