,MSE,RMSE,MAE
variance_normalcharge_basemodel,10624.0869140625,103.07321166992188,73.49236297607422
