,MSE,RMSE,MAE
variance_normalcharge_transfermodel,57480.3046875,239.75050354003906,179.18638610839844
