,MSE,RMSE,MAE
variance_fastcharge_basemodel,12196.7060546875,110.4386978149414,87.75218963623047
