,MSE,RMSE,MAE
variance_normalcharge_transfermodel,56078.3984375,236.80877685546875,179.2679443359375
