,MSE,RMSE,MAE
variance_normalcharge_basemodel,10659.9970703125,103.24726104736328,72.92665100097656
