,MSE,RMSE,MAE
variance_fastcharge_basemodel,11037.5048828125,105.05953216552734,86.49048614501953
