,MSE,RMSE,MAE
variance_normalcharge_basemodel,10833.9326171875,104.086181640625,75.37186431884766
