,MSE,RMSE,MAE
variance_normalcharge_transfermodel,17912.490234375,133.83755493164062,89.33072662353516
